"common_name","site_id","site_name","cammlr_region","penguin_count_recent","year_recent","penguin_count_recent_prop","IBA_recent","penguin_count_min","year_min","penguin_count_min_prop","IBA_min","count_median","year_nb","count_median_prop","IBA_median","penguin_count_max","year_max","penguin_count_max_prop","IBA_max","bearing","Permissions","coords.x1","coords.x2","auto_bearing_n_cells","auto_bearing_sum_dist","auto_bearing_n_cells_kappa","auto_bearing_sum_dist_kappa"
"GEP","AITC","Barrientos Island (Aitcho Islands)","48.1",1943,2018,0.5,"0",1177,1999,0.3,"0",1828,13,0.47,"0",2213,2011,0.57,"0",100,"Cleaned data used in Handley & Rouyer et al. 2021, Frontiers in Marine Science, marine IBAs Antarctica. See supplementary material for individual colony references.",-2639075.82863964,1538958.60241719,343.911055501941,317.145801104257,0.222948076448633,0.289414409726939
"GEP","ALMI","Brown Station","48.1",165,2019,0.04,"0",8,1995,0,"0",173,14,0.04,"0",204,2014,0.05,"0",340,"Cleaned data used in Handley & Rouyer et al. 2021, Frontiers in Marine Science, marine IBAs Antarctica. See supplementary material for individual colony references.",-2465580.12258944,1263315.45927381,319.575022569765,318.940293361833,0.960617181824931,0.836259101458633
"GEP","ARDL","Ardley Island","48.1",4635,2005,1.2,"1",1656,1983,0.43,"0",3522,19,0.91,"0",5131,2002,1.33,"1",121,"Cleaned data used in Handley & Rouyer et al. 2021, Frontiers in Marine Science, marine IBAs Antarctica. See supplementary material for individual colony references.",-2635936.08601813,1588028.37081117,282.944744083619,333.839031644736,0.264778078313086,0.282870437681953
"GEP","BARN","Barnard Point (Livingston Island)","48.1",600,1987,0.16,"0",264,1965,0.07,"0",432,2,0.11,"0",600,1987,0.16,"0",170,"Cleaned data used in Handley & Rouyer et al. 2021, Frontiers in Marine Science, marine IBAs Antarctica. See supplementary material for individual colony references.",-2619660.42971956,1491926.11228262,206.002001335705,213.029238142871,0.565059916095932,0.461473060330644
"GEP","BART","Barton Peninsula","48.1",2378,2013,0.61,"0",425,1986,0.11,"0",1507,16,0.39,"0",2496,2012,0.64,"0",165,"Cleaned data used in Handley & Rouyer et al. 2021, Frontiers in Marine Science, marine IBAs Antarctica. See supplementary material for individual colony references.",-2630909.97109494,1593900.60550145,190.877899217836,201.276267667229,0.564066441294372,0.564001624341869
"GEP","BENE","Beneden Head","48.1",1311,2015,0.34,"0",640,2006,0.17,"0",897,6,0.23,"0",1311,2015,0.34,"0",280,"Cleaned data used in Handley & Rouyer et al. 2021, Frontiers in Marine Science, marine IBAs Antarctica. See supplementary material for individual colony references.",-2474833.47804387,1277302.10799243,312.190605707485,319.044138908093,0.479095320738822,0.291540752186148
"GEP","BISC","Biscoe Point","48.1",3197,2012,0.83,"0",0,1984,0,"0",468,18,0.12,"0",3197,2012,0.83,"0",250,"Cleaned data used in Handley & Rouyer et al. 2021, Frontiers in Marine Science, marine IBAs Antarctica. See supplementary material for individual colony references.",-2493868.38165375,1228352.07242003,212.408281669252,210.676755467626,0.980841662369636,0.799020482449485
"GEP","BRAS","Brash Island","48.1",2270,2015,0.59,"0",2270,2015,0.59,"0",2270,1,0.59,"0",2270,2015,0.59,"0",190,"Cleaned data used in Handley & Rouyer et al. 2021, Frontiers in Marine Science, marine IBAs Antarctica. See supplementary material for individual colony references.",-2407963.41126422,1691455.69774122,118.351041825771,119.09683125729,0.138673017712202,0.102205098629656
"GEP","BRIT","Brittannia's Figleaf","48.1",396,2016,0.1,"0",396,2016,0.1,"0",398,2,0.1,"0",400,1970,0.1,"0",180,"Cleaned data used in Handley & Rouyer et al. 2021, Frontiers in Marine Science, marine IBAs Antarctica. See supplementary material for individual colony references.",-2615864.68296522,1817193.2338054,172.152928782942,163.63152479756,0.519593648848373,0.435684972321436
"GEP","BROW","Brown Bluff","48.1",793,2018,0.2,"0",230,2013,0.06,"0",538,17,0.14,"0",806,2015,0.21,"0",10,"Cleaned data used in Handley & Rouyer et al. 2021, Frontiers in Marine Science, marine IBAs Antarctica. See supplementary material for individual colony references.",-2452247.11406617,1598294.85894406,36.5837402957167,36.6470061574604,1.31129861210185,0.89977829331429
"GEP","BRYE","Bryde Island East","48.1",531,2019,0.14,"0",173,1986,0.04,"0",556,13,0.14,"0",626,2015,0.16,"0",340,"Cleaned data used in Handley & Rouyer et al. 2021, Frontiers in Marine Science, marine IBAs Antarctica. See supplementary material for individual colony references.",-2467425.78029415,1261166.63111562,327.300742714393,320.047519792929,0.648828322630686,0.405869873170252
"GEP","BRYS","Bryde Island South","48.1",608,2019,0.16,"0",608,2019,0.16,"0",818,11,0.21,"0",979,2008,0.25,"0",270,"Cleaned data used in Handley & Rouyer et al. 2021, Frontiers in Marine Science, marine IBAs Antarctica. See supplementary material for individual colony references.",-2466790.69901691,1259560.18408042,330.29931490293,329.898877209258,0.89545638645747,0.829838721465095
"GEP","CHPT","Charles Point","48.1",795,2011,0.21,"0",130,1987,0.03,"0",568,4,0.15,"0",795,2011,0.21,"0",309,"Cleaned data used in Handley & Rouyer et al. 2021, Frontiers in Marine Science, marine IBAs Antarctica. See supplementary material for individual colony references.",-2488781.07525041,1379553.87709566,279.974650954517,265.975369560766,1.1598138944903,0.845593730130149
"GEP","CHRI","Christoffersen Island","48.2",324,1983,0.08,"0",324,1983,0.08,"0",324,1,0.08,"0",324,1983,0.08,"0",176,"Cleaned data used in Handley & Rouyer et al. 2021, Frontiers in Marine Science, marine IBAs Antarctica. See supplementary material for individual colony references.",-2298589.54147093,2295782.99864575,159.381577930471,155.826325294125,0.0589943622463644,0.0860404940049125
"GEP","CIER","Cierva Point","48.1",3303,2015,0.85,"0",593,1998,0.15,"0",1025,9,0.26,"0",3303,2015,0.85,"0",315,"Cleaned data used in Handley & Rouyer et al. 2021, Frontiers in Marine Science, marine IBAs Antarctica. See supplementary material for individual colony references.",-2495700.17478366,1385667.75107791,293.379187241297,297.482727153514,1.08998865415072,0.855728638042607
"GEP","CONW","Cape Conway","48.1",400,1987,0.1,"0",400,1987,0.1,"0",400,1,0.1,"0",400,1987,0.1,"0",180,"Cleaned data used in Handley & Rouyer et al. 2021, Frontiers in Marine Science, marine IBAs Antarctica. See supplementary material for individual colony references.",-2639010.92199538,1437497.322581,187.317033712625,170.274861835191,0.229090640589774,0.27590782629478
"GEP","CUVE","Cuverville Island","48.1",6903,2018,1.78,"1",990,2010,0.26,"0",6142,16,1.59,"1",9648,2015,2.49,"1",350,"Cleaned data used in Handley & Rouyer et al. 2021, Frontiers in Marine Science, marine IBAs Antarctica. See supplementary material for individual colony references.",-2481564.66650362,1284892.61427777,329.784548918257,323.790034856742,0.334327660813872,0.412296413722381
"GEP","DAMO","Dorian Bay/Damoy Point","48.1",1519,2019,0.39,"0",619,1983,0.16,"0",2048,20,0.53,"0",2560,2014,0.66,"0",245,"Cleaned data used in Handley & Rouyer et al. 2021, Frontiers in Marine Science, marine IBAs Antarctica. See supplementary material for individual colony references.",-2487463.96890232,1240377.25139363,147.824060699301,119.731306540511,0.490401588596519,0.332679975325172
"GEP","DANC","Danco Island","48.1",2623,2018,0.68,"0",1573,1992,0.41,"0",2623,15,0.68,"0",3632,2009,0.94,"0",350,"Cleaned data used in Handley & Rouyer et al. 2021, Frontiers in Marine Science, marine IBAs Antarctica. See supplementary material for individual colony references.",-2475785.99070559,1283665.47210953,312.651792725598,296.842766213357,0.601577920583313,0.564532495563897
"GEP","DOBE","Dorian Beacon","48.1",164,2019,0.04,"0",12,2015,0,"0",178,12,0.05,"0",200,2016,0.05,"0",245,"Cleaned data used in Handley & Rouyer et al. 2021, Frontiers in Marine Science, marine IBAs Antarctica. See supplementary material for individual colony references.",-2488165.85892704,1239936.26359017,148.888692088556,124.148687095206,0.531346567226624,0.343931157329293
"GEP","DUND","Dundee Island","48.1",40,1895,0.01,"0",40,1895,0.01,"0",40,1,0.01,"0",40,1895,0.01,"0",180,"Cleaned data used in Handley & Rouyer et al. 2021, Frontiers in Marine Science, marine IBAs Antarctica. See supplementary material for individual colony references.",-2429442.73244093,1640778.21500148,75.9718409842318,179.940285816813,0.00347396919015114,7.20289713290745e-17
"GEP","DUPT","Duthiers Point","48.1",354,2018,0.09,"0",185,2011,0.05,"0",322,4,0.08,"0",485,2010,0.13,"0",0.1,"Cleaned data used in Handley & Rouyer et al. 2021, Frontiers in Marine Science, marine IBAs Antarctica. See supplementary material for individual colony references.",-2473605.3089598,1270283.70593071,337.144807562359,345.7230454972,0.547823442960548,0.380680508954386
"GEP","DURV","d'Urville Monument","48.1",962,2016,0.25,"0",962,2016,0.25,"0",962,1,0.25,"0",962,2016,0.25,"0",170,"Cleaned data used in Handley & Rouyer et al. 2021, Frontiers in Marine Science, marine IBAs Antarctica. See supplementary material for individual colony references.",-2444168.12448509,1630402.67305584,210.784419135431,201.537911060773,0.999498519284588,0.750968249269288
"GEP","EARL","Earle Island","48.1",847,2015,0.22,"0",847,2015,0.22,"0",847,1,0.22,"0",847,2015,0.22,"0",170,"Cleaned data used in Handley & Rouyer et al. 2021, Frontiers in Marine Science, marine IBAs Antarctica. See supplementary material for individual colony references.",-2395030.56266275,1690553.88346194,134.394068778092,6.87141754322828,0.0615367581000861,0.00051421461999534
"GEP","ELPT","Elephant Point","48.1",400,1958,0.1,"0",400,1958,0.1,"0",400,1,0.1,"0",400,1958,0.1,"0",180,"Cleaned data used in Handley & Rouyer et al. 2021, Frontiers in Marine Science, marine IBAs Antarctica. See supplementary material for individual colony references.",-2639652.22185361,1471789.29906342,173.688390171751,162.667360704697,0.624819375052762,0.546095866857841
"GEP","FORT","Fort Point (Greenwich Island)","48.1",1006,2018,0.26,"0",282,1999,0.07,"0",720,5,0.19,"0",1006,2018,0.26,"0",140,"Cleaned data used in Handley & Rouyer et al. 2021, Frontiers in Marine Science, marine IBAs Antarctica. See supplementary material for individual colony references.",-2621083.8596586,1539010.88052142,137.564326910523,146.870180951588,0.4252069958368,0.420999887076706
"GEP","GALE","Galindez Island East","48.1",391,2015,0.1,"0",93,2008,0.02,"0",380,4,0.1,"0",588,2013,0.15,"0",222,"Cleaned data used in Handley & Rouyer et al. 2021, Frontiers in Marine Science, marine IBAs Antarctica. See supplementary material for individual colony references.",-2459005.16220967,1186617.65275703,271.954359353345,274.46517817428,0.464026384877209,0.272794546032178
"GEP","GALS","Galindez Island South","48.1",49,2013,0.01,"0",48,2012,0.01,"0",48,2,0.01,"0",49,2013,0.01,"0",221,"Cleaned data used in Handley & Rouyer et al. 2021, Frontiers in Marine Science, marine IBAs Antarctica. See supplementary material for individual colony references.",-2458680.98161536,1186138.51366327,275.03854899538,273.002979804713,0.458676894973511,0.271854437644662
"GEP","GEOR","Georges Point (Ronge Island)","48.1",2301,2019,0.59,"0",1100,1988,0.28,"0",2408,15,0.62,"0",3949,2016,1.02,"1",315,"Cleaned data used in Handley & Rouyer et al. 2021, Frontiers in Marine Science, marine IBAs Antarctica. See supplementary material for individual colony references.",-2484019.30043079,1283767.49947968,344.925861644634,323.432616561708,0.182163832163285,0.17001245026098
"GEP","GERL","Gerlache Island","48.1",1023,1985,0.26,"0",1023,1985,0.26,"0",1512,2,0.39,"0",2000,1979,0.52,"0",280,"Cleaned data used in Handley & Rouyer et al. 2021, Frontiers in Marine Science, marine IBAs Antarctica. See supplementary material for individual colony references.",-2524733.98940486,1219743.11099516,290.867046035887,290.931427911341,0.671233039684196,0.585183918594014
"GEP","GLAN","Glandaz Point","48.1",199,2015,0.05,"0",63,2010,0.02,"0",116,6,0.03,"0",199,2015,0.05,"0",325,"Cleaned data used in Handley & Rouyer et al. 2021, Frontiers in Marine Science, marine IBAs Antarctica. See supplementary material for individual colony references.",-2469149.49391795,1206467.2985545,315.742621249085,312.923051048813,0.73659578674919,0.669279645595615
"GEP","GOSL","Gosling Islands","48.2",874,1984,0.23,"0",874,1984,0.23,"0",874,1,0.23,"0",874,1984,0.23,"0",190,"Cleaned data used in Handley & Rouyer et al. 2021, Frontiers in Marine Science, marine IBAs Antarctica. See supplementary material for individual colony references.",-2340958.38920168,2267136.69614638,195.835936640058,178.153311051114,0.584373572853081,0.444787886477084
"GEP","GOUR","Gourdin Island","48.1",1320,2015,0.34,"0",568,1997,0.15,"0",944,2,0.24,"0",1320,2015,0.34,"0",0.1,"Cleaned data used in Handley & Rouyer et al. 2021, Frontiers in Marine Science, marine IBAs Antarctica. See supplementary material for individual colony references.",-2494759.57571664,1601152.21308742,7.96406638144163,4.4973393605768,0.726263474798383,0.62982867620431
"GEP","GREE","The Green Glen","48.1",60,1970,0.02,"0",60,1970,0.02,"0",60,1,0.02,"0",60,1970,0.02,"0",220,"Cleaned data used in Handley & Rouyer et al. 2021, Frontiers in Marine Science, marine IBAs Antarctica. See supplementary material for individual colony references.",-2618208.94724774,1815233.37822152,188.364668028619,187.773571612827,0.421583970376921,0.44085462076616
"GEP","GRIB","Georges Rib","48.1",500,1971,0.13,"0",500,1971,0.13,"0",500,1,0.13,"0",500,1971,0.13,"0",179,"Cleaned data used in Handley & Rouyer et al. 2021, Frontiers in Marine Science, marine IBAs Antarctica. See supplementary material for individual colony references.",-2619677.10376993,1836158.01755588,119.617881700858,141.318964476445,0.314447115316492,0.284501995553605
"GEP","HANN","Hannah Point","48.1",1885,2004,0.49,"0",1016,1987,0.26,"0",1232,4,0.32,"0",1885,2004,0.49,"0",185,"Cleaned data used in Handley & Rouyer et al. 2021, Frontiers in Marine Science, marine IBAs Antarctica. See supplementary material for individual colony references.",-2637154.99118208,1485147.99272188,170.796707310285,174.552980731721,0.292466650928796,0.330458141226166
"GEP","HARM","Harmony Point","48.1",3347,1995,0.86,"0",3347,1995,0.86,"0",3652,2,0.94,"0",3957,1988,1.02,"1",327,"Cleaned data used in Handley & Rouyer et al. 2021, Frontiers in Marine Science, marine IBAs Antarctica. See supplementary material for individual colony references.",-2635244.02577899,1568272.52914661,247.663119837574,260.838992081716,0.203690413337597,0.255292897037148
"GEP","HERO","Heroina Island","48.1",999,2015,0.26,"0",215,1996,0.06,"0",607,2,0.16,"0",999,2015,0.26,"0",90,"Cleaned data used in Handley & Rouyer et al. 2021, Frontiers in Marine Science, marine IBAs Antarctica. See supplementary material for individual colony references.",-2398151.79117896,1703754.96834318,35.1652509601423,307.91969639283,0.0759847082526366,0.00265139557659912
"GEP","HOPE","Hope Bay","48.1",467,2017,0.12,"0",467,2017,0.12,"0",493,2,0.13,"0",519,2015,0.13,"0",60,"Cleaned data used in Handley & Rouyer et al. 2021, Frontiers in Marine Science, marine IBAs Antarctica. See supplementary material for individual colony references.",-2466831.61817366,1602113.85296449,57.3010464033847,64.1126140004783,1.06944906251631,0.798792803362853
"GEP","HOVG","Hovgaard Island","48.1",2557,2018,0.66,"0",2557,2018,0.66,"0",2557,1,0.66,"0",2557,2018,0.66,"0",320,"Cleaned data used in Handley & Rouyer et al. 2021, Frontiers in Marine Science, marine IBAs Antarctica. See supplementary material for individual colony references.",-2468568.34742279,1197267.07861277,291.534982943163,290.983631695785,0.534381325311904,0.306510956819131
"GEP","HUMP","Humphries Heights","48.1",58,2015,0.01,"0",16,2010,0,"0",50,7,0.01,"0",400,2008,0.1,"0",309,"Cleaned data used in Handley & Rouyer et al. 2021, Frontiers in Marine Science, marine IBAs Antarctica. See supplementary material for individual colony references.",-2470752.34224924,1212350.72298536,326.808993145855,337.585829442543,0.569756710453173,0.488584687728639
"GEP","HURE","Hurd Peninsula (east)","48.1",100,1987,0.03,"0",100,1987,0.03,"0",100,1,0.03,"0",100,1987,0.03,"0",180,"Cleaned data used in Handley & Rouyer et al. 2021, Frontiers in Marine Science, marine IBAs Antarctica. See supplementary material for individual colony references.",-2627014.5203095,1493625.79422532,231.012917691295,237.919382676243,0.769919827187731,0.74611196162524
"GEP","HURW","Hurd Peninsula (west)","48.1",0,2010,0,"0",0,2010,0,"0",5,2,0,"0",10,1987,0,"0",255,"Cleaned data used in Handley & Rouyer et al. 2021, Frontiers in Marine Science, marine IBAs Antarctica. See supplementary material for individual colony references.",-2629814.72483398,1493578.44483948,224.597486519371,235.67871584413,0.742750826883278,0.677299114589618
"GEP","HUTB","Hut Bluff","48.1",120,1970,0.03,"0",120,1970,0.03,"0",120,1,0.03,"0",120,1970,0.03,"0",135,"Cleaned data used in Handley & Rouyer et al. 2021, Frontiers in Marine Science, marine IBAs Antarctica. See supplementary material for individual colony references.",-2619139.60893794,1824420.05888159,129.634023513007,127.612015579634,0.711835046783307,0.758238846897168
"GEP","JADE","Jade Point","48.1",1,2001,0,"0",1,2001,0,"0",1,1,0,"0",1,2001,0,"0",120,"Cleaned data used in Handley & Rouyer et al. 2021, Frontiers in Marine Science, marine IBAs Antarctica. See supplementary material for individual colony references.",-2463490.04134838,1563770.37770847,140.510130911012,149.136190539526,0.769079877286766,0.572702365221145
"GEP","JOHN","Johnson's Dock","48.1",66,1987,0.02,"0",66,1987,0.02,"0",66,1,0.02,"0",66,1987,0.02,"0",255,"Cleaned data used in Handley & Rouyer et al. 2021, Frontiers in Marine Science, marine IBAs Antarctica. See supplementary material for individual colony references.",-2630167.92122437,1496117.34697319,227.298303090326,239.07900021875,0.908143818228745,0.737806119638594
"GEP","JONA","Jonassen Island","48.1",45,2016,0.01,"0",45,2016,0.01,"0",120,3,0.03,"0",300,1995,0.08,"0",352,"Cleaned data used in Handley & Rouyer et al. 2021, Frontiers in Marine Science, marine IBAs Antarctica. See supplementary material for individual colony references.",-2444106.03632617,1606491.43925689,72.7828283331632,35.2706440954341,0.19509900335164,0.257321096272976
"GEP","JOUB","Joubin Islands","48.1",104,1990,0.03,"0",41,1983,0.01,"0",58,4,0.01,"0",104,1990,0.03,"0",135,"Cleaned data used in Handley & Rouyer et al. 2021, Frontiers in Marine Science, marine IBAs Antarctica. See supplementary material for individual colony references.",-2510849.43688743,1203040.58882308,229.919048930507,240.111856607214,0.227862616230729,0.0590410895098826
"GEP","JOUG","Jougla Point","48.1",1003,2018,0.26,"0",627,1983,0.16,"0",1352,25,0.35,"0",1934,2001,0.5,"0",245,"Cleaned data used in Handley & Rouyer et al. 2021, Frontiers in Marine Science, marine IBAs Antarctica. See supplementary material for individual colony references.",-2486153.14567874,1239918.66536558,134.523220170208,52.4067651883862,0.358229781221503,0.164922313414575
"GEP","KETL","Ketley Point","48.1",200,1986,0.05,"0",200,1986,0.05,"0",200,1,0.05,"0",200,1986,0.05,"0",330,"Cleaned data used in Handley & Rouyer et al. 2021, Frontiers in Marine Science, marine IBAs Antarctica. See supplementary material for individual colony references.",-2482343.10705413,1277772.68656961,314.221626906373,305.564366477889,0.135023692264627,0.104479605801506
"GEP","KNOB","Knobble Head, Bransfield Island","48.1",800,1960,0.21,"0",800,1960,0.21,"0",800,1,0.21,"0",800,1960,0.21,"0",315,"Cleaned data used in Handley & Rouyer et al. 2021, Frontiers in Marine Science, marine IBAs Antarctica. See supplementary material for individual colony references.",-2477276.56864969,1635361.87411832,259.473284705783,222.056047331447,0.498795174518852,0.201632616271604
"GEP","LAUT","Lautaro Neck","48.1",206,2010,0.05,"0",206,2010,0.05,"0",206,1,0.05,"0",206,2010,0.05,"0",45,"Cleaned data used in Handley & Rouyer et al. 2021, Frontiers in Marine Science, marine IBAs Antarctica. See supplementary material for individual colony references.",-2477492.48017212,1256756.87773799,339.442719160286,341.537559539852,0.137680979433121,0.133600956521858
"GEP","LEGU","Cape Leguillou","48.1",6,1990,0,"0",6,1990,0,"0",6,1,0,"0",6,1990,0,"0",330,"Cleaned data used in Handley & Rouyer et al. 2021, Frontiers in Marine Science, marine IBAs Antarctica. See supplementary material for individual colony references.",-2528916.66190127,1469324.91754325,45.5195757375724,269.27224686761,0.057237945136133,0.000823422172426709
"GEP","LION","Lions Rump","48.1",3004,2010,0.78,"0",1105,1980,0.29,"0",2424,8,0.63,"0",3004,2010,0.78,"0",139,"Cleaned data used in Handley & Rouyer et al. 2021, Frontiers in Marine Science, marine IBAs Antarctica. See supplementary material for individual colony references.",-2621027.25530445,1629992.69962495,145.510330618152,133.454561235003,0.692641582408426,0.338471488666293
"GEP","LLAN","Llano Point","48.1",6123,2013,1.58,"1",1547,1995,0.4,"0",2364,28,0.61,"0",6123,2013,1.58,"1",124,"Cleaned data used in Handley & Rouyer et al. 2021, Frontiers in Marine Science, marine IBAs Antarctica. See supplementary material for individual colony references.",-2625970.68084312,1612603.18372249,155.374470882651,150.286546106566,0.74024018536092,0.279914841487878
"GEP","LOCK","Port Lockroy","48.1",548,2016,0.14,"0",521,2015,0.13,"0",645,19,0.17,"0",908,2000,0.23,"0",245,"Cleaned data used in Handley & Rouyer et al. 2021, Frontiers in Marine Science, marine IBAs Antarctica. See supplementary material for individual colony references.",-2486351.35712848,1240516.09549279,140.099226786468,52.3373776421274,0.349950399555506,0.145776713244404
"GEP","LOOK","Cape Lookout","48.1",178,2016,0.05,"0",178,2016,0.05,"0",238,3,0.06,"0",265,2015,0.07,"0",135,"Cleaned data used in Handley & Rouyer et al. 2021, Frontiers in Marine Science, marine IBAs Antarctica. See supplementary material for individual colony references.",-2615610.92942663,1817558.45970269,172.147114826257,161.470812827144,0.504820538219142,0.418063930939797
"GEP","LOUB","Loubat Point","48.1",569,2013,0.15,"0",208,1983,0.05,"0",484,4,0.13,"0",750,2008,0.19,"0",325,"Cleaned data used in Handley & Rouyer et al. 2021, Frontiers in Marine Science, marine IBAs Antarctica. See supplementary material for individual colony references.",-2469841.96273944,1208546.9248019,330.858281844165,325.711882105067,0.600726524537678,0.485667016547538
"GEP","MADD","Madder Cliff (Joinville Island)","48.1",550,2018,0.14,"0",304,2005,0.08,"0",438,4,0.11,"0",550,2018,0.14,"0",315,"Cleaned data used in Handley & Rouyer et al. 2021, Frontiers in Marine Science, marine IBAs Antarctica. See supplementary material for individual colony references.",-2461724.91698277,1630424.59828861,283.535987712229,304.14111639911,0.815709226793342,0.726099891195119
"GEP","MADI","Madder Cliff Island","48.1",220,2018,0.06,"0",220,2018,0.06,"0",255,2,0.07,"0",290,2009,0.07,"0",315,"Cleaned data used in Handley & Rouyer et al. 2021, Frontiers in Marine Science, marine IBAs Antarctica. See supplementary material for individual colony references.",-2461499.18758694,1629292.55414578,285.243966765599,304.588489047849,0.784810878687294,0.718120803775101
"GEP","MIKK","Mikkelsen Harbor (Trinity Island)","48.1",903,2019,0.23,"0",300,1984,0.08,"0",914,12,0.24,"0",1320,2013,0.34,"0",180,"Cleaned data used in Handley & Rouyer et al. 2021, Frontiers in Marine Science, marine IBAs Antarctica. See supplementary material for individual colony references.",-2517001.37966274,1407223.43209852,275.922994011232,197.37049912685,0.205336136886185,0.21093398281004
"GEP","MONA","Cape Monaco","48.1",1056,1979,0.27,"0",1056,1979,0.27,"0",1056,1,0.27,"0",1056,1979,0.27,"0",180,"Cleaned data used in Handley & Rouyer et al. 2021, Frontiers in Marine Science, marine IBAs Antarctica. See supplementary material for individual colony references.",-2514177.91189882,1211172.44298982,248.417143353753,243.503033960947,0.494316139336808,0.389330579424833
"GEP","MOOT","Moot Point","48.1",558,2015,0.14,"0",74,2005,0.02,"0",347,8,0.09,"0",558,2015,0.14,"0",270,"Cleaned data used in Handley & Rouyer et al. 2021, Frontiers in Marine Science, marine IBAs Antarctica. See supplementary material for individual colony references.",-2459875.47765594,1195618.79877893,286.264762539881,290.364121784252,0.907651306093547,0.765541507525224
"GEP","MUCK","Muckle Bluff","48.1",500,1971,0.13,"0",500,1971,0.13,"0",500,1,0.13,"0",500,1971,0.13,"0",179,"Cleaned data used in Handley & Rouyer et al. 2021, Frontiers in Marine Science, marine IBAs Antarctica. See supplementary material for individual colony references.",-2616050.69995455,1841321.028153,151.28768680942,170.515400926358,0.376025978494315,0.440954852314331
"GEP","NEKO","Neko Harbor (Andvord Bay)","48.1",1058,2019,0.27,"0",864,1999,0.22,"0",1174,19,0.3,"0",1660,2014,0.43,"0",280,"Cleaned data used in Handley & Rouyer et al. 2021, Frontiers in Marine Science, marine IBAs Antarctica. See supplementary material for individual colony references.",-2463877.39874075,1280826.66666047,286.472893322605,253.086017602266,0.83184017587241,0.475714705485334
"GEP","NOBL","Noble Rocks","48.1",40,2019,0.01,"0",24,2010,0.01,"0",32,4,0.01,"0",40,2019,0.01,"0",315,"Cleaned data used in Handley & Rouyer et al. 2021, Frontiers in Marine Science, marine IBAs Antarctica. See supplementary material for individual colony references.",-2489147.47715263,1244652.41757216,143.14986541917,146.169365807481,0.525801495117731,0.207181934063508
"GEP","NOPT","North Point","48.2",1315,2015,0.34,"0",677,1996,0.17,"0",726,3,0.19,"0",1315,2015,0.34,"0",247,"Cleaned data used in Handley & Rouyer et al. 2021, Frontiers in Marine Science, marine IBAs Antarctica. See supplementary material for individual colony references.",-2326782.49527308,2276486.27894619,179.498654509323,186.576202747172,0.62086227135488,0.405023010269508
"GEP","ONEI","O'Neill Point","48.1",271,2019,0.07,"0",100,1987,0.03,"0",246,4,0.06,"0",342,2013,0.09,"0",45,"Cleaned data used in Handley & Rouyer et al. 2021, Frontiers in Marine Science, marine IBAs Antarctica. See supplementary material for individual colony references.",-2478463.54328362,1257933.09863801,357.504213337528,14.5216175733002,0.0860542973462276,0.105890848044885
"GEP","ORNE","Orne Islands","48.1",401,2019,0.1,"0",3,1999,0,"0",141,11,0.04,"0",483,2016,0.12,"0",315,"Cleaned data used in Handley & Rouyer et al. 2021, Frontiers in Marine Science, marine IBAs Antarctica. See supplementary material for individual colony references.",-2484844.44902164,1284007.11324468,346.919676237666,322.701558680583,0.140290442228671,0.158888540230753
"GEP","PABE","Paradise Harbor Beacon (Paradise Bay)","48.1",0,2018,0,"0",0,2018,0,"0",2,2,0,"0",3,2006,0,"0",340,"Cleaned data used in Handley & Rouyer et al. 2021, Frontiers in Marine Science, marine IBAs Antarctica. See supplementary material for individual colony references.",-2465344.31416905,1259892.28864565,331.691442715408,329.686425343902,0.982779645632399,0.867474219116617
"GEP","PATE","Patella Island","48.1",200,1960,0.05,"0",200,1960,0.05,"0",200,1,0.05,"0",200,1960,0.05,"0",350,"Cleaned data used in Handley & Rouyer et al. 2021, Frontiers in Marine Science, marine IBAs Antarctica. See supplementary material for individual colony references.",-2450092.18760492,1682403.66057579,23.9579022279751,30.5429740948654,0.73013908414316,0.553977526685364
"GEP","PCHA","Port Charcot","48.1",1484,2018,0.38,"0",318,1983,0.08,"0",1216,12,0.31,"0",1954,2009,0.5,"0",325,"Cleaned data used in Handley & Rouyer et al. 2021, Frontiers in Marine Science, marine IBAs Antarctica. See supplementary material for individual colony references.",-2473020.99281478,1204784.05890885,332.94338036268,336.077065523332,0.457008997509976,0.238457616174689
"GEP","PEIN","Peine Island (Comb Island)","48.1",186,2015,0.05,"0",186,2015,0.05,"0",186,1,0.05,"0",186,2015,0.05,"0",0.1,"Cleaned data used in Handley & Rouyer et al. 2021, Frontiers in Marine Science, marine IBAs Antarctica. See supplementary material for individual colony references.",-2399828.41846907,1698104.45415388,173.300056021475,95.7713756607993,0.0772124023082121,0.00967238692512287
"GEP","PETE","Petermann Island","48.1",3516,2018,0.91,"0",375,1982,0.1,"0",2719,13,0.7,"0",3561,2013,0.92,"0",270,"Cleaned data used in Handley & Rouyer et al. 2021, Frontiers in Marine Science, marine IBAs Antarctica. See supplementary material for individual colony references.",-2464195.24985491,1194583.0300148,289.986661052201,284.775242883972,0.620143467527191,0.472110254382993
"GEP","PLAT","Plato Island (Platter Island)","48.1",223,2015,0.06,"0",223,2015,0.06,"0",223,1,0.06,"0",223,2015,0.06,"0",135,"Cleaned data used in Handley & Rouyer et al. 2021, Frontiers in Marine Science, marine IBAs Antarctica. See supplementary material for individual colony references.",-2396504.47235412,1698440.39150518,181.821842774122,183.920760785176,0.098754206833181,0.00441345101873832
"GEP","PLEN","Pleneau Island","48.1",3027,2018,0.78,"0",500,1982,0.13,"0",2276,16,0.59,"0",3246,2013,0.84,"0",325,"Cleaned data used in Handley & Rouyer et al. 2021, Frontiers in Marine Science, marine IBAs Antarctica. See supplementary material for individual colony references.",-2469858.57167283,1201665.0106139,301.980400215199,302.131289933421,0.551614359016946,0.385998767815062
"GEP","POWE","Powell Island","48.2",2599,1983,0.67,"0",2599,1983,0.67,"0",2599,1,0.67,"0",2599,1983,0.67,"0",180,"Cleaned data used in Handley & Rouyer et al. 2021, Frontiers in Marine Science, marine IBAs Antarctica. See supplementary material for individual colony references.",-2298594.83945007,2296269.16958794,161.652838563285,152.115740180998,0.0613031070755225,0.0885799043227544
"GEP","PRIM","Prime Head","48.1",565,2016,0.15,"0",565,2016,0.15,"0",565,1,0.15,"0",565,2016,0.15,"0",0.1,"Cleaned data used in Handley & Rouyer et al. 2021, Frontiers in Marine Science, marine IBAs Antarctica. See supplementary material for individual colony references.",-2493149.736747,1600266.46266484,7.9509257812219,5.53689088482044,0.847685699639721,0.71150090553898
"GEP","PRIN","Principal Point","48.1",567,2013,0.15,"0",200,1987,0.05,"0",384,2,0.1,"0",567,2013,0.15,"0",245,"Cleaned data used in Handley & Rouyer et al. 2021, Frontiers in Marine Science, marine IBAs Antarctica. See supplementary material for individual colony references.",-2476140.97357026,1238283.81356262,163.179645945683,146.563386099016,0.205608705496204,0.289783331403893
"GEP","PTHO","Point Thomas","48.1",50,2003,0.01,"0",50,2003,0.01,"0",229,11,0.06,"0",760,1981,0.2,"0",123,"Cleaned data used in Handley & Rouyer et al. 2021, Frontiers in Marine Science, marine IBAs Antarctica. See supplementary material for individual colony references.",-2627671.9002006,1612669.13345772,142.026771881521,116.504809491873,0.822827660779396,0.409796887271733
"GEP","PTWD","Point Wordie","48.1",1242,2013,0.32,"0",905,2010,0.23,"0",1507,9,0.39,"0",2192,1988,0.57,"0",205,"Cleaned data used in Handley & Rouyer et al. 2021, Frontiers in Marine Science, marine IBAs Antarctica. See supplementary material for individual colony references.",-2622641.61439554,1814107.61594916,229.210070297455,229.777978926564,0.57003073336727,0.668195633182345
"GEP","PYPT","Py Point","48.1",2355,2010,0.61,"0",1030,1983,0.27,"0",2355,3,0.61,"0",2804,2009,0.72,"0",245,"Cleaned data used in Handley & Rouyer et al. 2021, Frontiers in Marine Science, marine IBAs Antarctica. See supplementary material for individual colony references.",-2483081.09849312,1232752.609594,218.509449123433,244.93957103938,0.41930556135845,0.372340017706725
"GEP","QPTN","Quinton Point (north)","48.1",42,1983,0.01,"0",42,1983,0.01,"0",42,1,0.01,"0",42,1983,0.01,"0",350,"Cleaned data used in Handley & Rouyer et al. 2021, Frontiers in Marine Science, marine IBAs Antarctica. See supplementary material for individual colony references.",-2541589.5927881,1259629.35738597,321.891215860054,323.848228041448,0.88296664643075,0.812046869243797
"GEP","RIPP","Rip Point","48.1",10000,1966,2.58,"1",10000,1966,2.58,"1",10000,1,2.58,"1",10000,1966,2.58,"1",311,"Cleaned data used in Handley & Rouyer et al. 2021, Frontiers in Marine Science, marine IBAs Antarctica. See supplementary material for individual colony references.",-2635649.58559857,1583595.43362008,338.539040717482,351.514513596244,0.246334475977432,0.424093888143712
"GEP","ROBE","Robert Point (Robert Island)","48.1",917,2016,0.24,"0",711,2013,0.18,"0",916,4,0.24,"0",1054,2014,0.27,"0",170,"Cleaned data used in Handley & Rouyer et al. 2021, Frontiers in Marine Science, marine IBAs Antarctica. See supplementary material for individual colony references.",-2624874.52306389,1553397.85848326,142.125466191364,128.659009746377,0.301229179947707,0.327648730547623
"GEP","RONE","Ronge Island East","48.1",441,2019,0.11,"0",155,2008,0.04,"0",328,11,0.08,"0",458,2015,0.12,"0",350,"Cleaned data used in Handley & Rouyer et al. 2021, Frontiers in Marine Science, marine IBAs Antarctica. See supplementary material for individual colony references.",-2481514.05763521,1283899.94067785,335.783318421121,327.408086026073,0.332755637417008,0.403516515553388
"GEP","SANE","San Eliado Point","48.1",168,2019,0.04,"0",150,1988,0.04,"0",168,3,0.04,"0",245,2010,0.06,"0",45,"Cleaned data used in Handley & Rouyer et al. 2021, Frontiers in Marine Science, marine IBAs Antarctica. See supplementary material for individual colony references.",-2476223.28606182,1255357.83095638,326.339879808981,322.689487769168,0.131180162576538,0.181930270027478
"GEP","SAXU","Saxum Nunatak","48.1",540,2005,0.14,"0",540,2005,0.14,"0",540,1,0.14,"0",540,2005,0.14,"0",50,"Cleaned data used in Handley & Rouyer et al. 2021, Frontiers in Marine Science, marine IBAs Antarctica. See supplementary material for individual colony references.",-2464841.2548407,1659222.36368224,29.111028428898,18.925579354367,0.975291255835861,0.441504602742276
"GEP","SELV","Selvick Cove","48.1",356,2019,0.09,"0",292,2012,0.08,"0",472,11,0.12,"0",737,2015,0.19,"0",323,"Cleaned data used in Handley & Rouyer et al. 2021, Frontiers in Marine Science, marine IBAs Antarctica. See supplementary material for individual colony references.",-2484686.09536505,1289639.46724326,337.579845652724,326.884393094755,0.230802913552511,0.196185854597884
"GEP","SHIR","Cape Shirreff","48.1",834,2010,0.22,"0",610,2007,0.16,"0",818,13,0.21,"0",1043,2000,0.27,"0",0.1,"Cleaned data used in Handley & Rouyer et al. 2021, Frontiers in Marine Science, marine IBAs Antarctica. See supplementary material for individual colony references.",-2661405.86044727,1488177.63765428,345.918587282871,354.629721065969,0.237116382587151,0.230266690206369
"GEP","SKOT","Skottsberg Point","48.1",292,2019,0.08,"0",237,2012,0.06,"0",386,8,0.1,"0",482,2016,0.12,"0",190,"Cleaned data used in Handley & Rouyer et al. 2021, Frontiers in Marine Science, marine IBAs Antarctica. See supplementary material for individual colony references.",-2515615.53687685,1405417.23212566,283.432041441407,197.665854469412,0.102300583571669,0.166408906502848
"GEP","SPIP","Spigot Peak Point","48.1",3,2019,0,"0",1,2007,0,"0",2,4,0,"0",3,2015,0,"0",323,"Cleaned data used in Handley & Rouyer et al. 2021, Frontiers in Marine Science, marine IBAs Antarctica. See supplementary material for individual colony references.",-2486003.56417208,1290934.70519706,334.929082496073,341.781197552559,0.146974762364661,0.151919144800372
"GEP","SPTR","Spigot Peak Tripod","48.1",2,2019,0,"0",2,2019,0,"0",13,5,0,"0",16,2018,0,"0",323,"Cleaned data used in Handley & Rouyer et al. 2021, Frontiers in Marine Science, marine IBAs Antarctica. See supplementary material for individual colony references.",-2485006.0411631,1290185.43859051,338.804412746197,332.552832464156,0.202337623775636,0.190194863929956
"GEP","STAC","Stackpole Rocks","48.1",4,1965,0,"0",4,1965,0,"0",4,1,0,"0",4,1965,0,"0",185,"Cleaned data used in Handley & Rouyer et al. 2021, Frontiers in Marine Science, marine IBAs Antarctica. See supplementary material for individual colony references.",-2643665.00209809,1467978.0365489,196.069507257295,183.964587821645,0.603909685563008,0.685217267613465
"GEP","STER","Sterneck Island","48.1",2795,2011,0.72,"0",450,1987,0.12,"0",1850,4,0.48,"0",3305,2010,0.85,"0",0.1,"Cleaned data used in Handley & Rouyer et al. 2021, Frontiers in Marine Science, marine IBAs Antarctica. See supplementary material for individual colony references.",-2491854.86282523,1382247.13285249,289.140478449722,283.638449446332,1.20115787033497,0.846867561265369
"GEP","STRA","Stranger Point","48.1",2325,1988,0.6,"0",1900,1984,0.49,"0",2500,5,0.65,"0",2584,1980,0.67,"0",161,"Cleaned data used in Handley & Rouyer et al. 2021, Frontiers in Marine Science, marine IBAs Antarctica. See supplementary material for individual colony references.",-2622497.03221151,1599767.71354164,163.173598908809,165.627189318896,0.588603466834552,0.496573619260917
"GEP","TRIA","Triangle Point","48.1",45,1966,0.01,"0",45,1966,0.01,"0",45,1,0.01,"0",45,1966,0.01,"0",142,"Cleaned data used in Handley & Rouyer et al. 2021, Frontiers in Marine Science, marine IBAs Antarctica. See supplementary material for individual colony references.",-2630000.72946638,1528301.33341538,162.256324390016,181.273514865363,0.259739251343896,0.388426221054199
"GEP","TRUA","Truant Island","48.1",921,2013,0.24,"0",921,2013,0.24,"0",921,1,0.24,"0",921,2013,0.24,"0",245,"Cleaned data used in Handley & Rouyer et al. 2021, Frontiers in Marine Science, marine IBAs Antarctica. See supplementary material for individual colony references.",-2474512.68805041,1238765.54320068,157.625687503168,168.235911875318,0.166716612175774,0.27087322035978
"GEP","TUXE","Cape Tuxen","48.1",302,2016,0.08,"0",188,2014,0.05,"0",292,4,0.08,"0",342,2015,0.09,"0",270,"Cleaned data used in Handley & Rouyer et al. 2021, Frontiers in Marine Science, marine IBAs Antarctica. See supplementary material for individual colony references.",-2454517.4317328,1190907.43450913,270.457170516984,270.985348500662,0.785056704066391,0.591749705743895
"GEP","TXRX","Tuxen Rocks","48.1",19,2014,0,"0",19,2014,0,"0",19,1,0,"0",19,2014,0,"0",270,"Cleaned data used in Handley & Rouyer et al. 2021, Frontiers in Marine Science, marine IBAs Antarctica. See supplementary material for individual colony references.",-2456048.55308361,1190824.2957588,269.035958262424,276.145997202701,0.701914882390124,0.50819293614195
"GEP","USEF","Useful Island","48.1",1810,2015,0.47,"0",150,1984,0.04,"0",1464,5,0.38,"0",1861,2005,0.48,"0",90,"Cleaned data used in Handley & Rouyer et al. 2021, Frontiers in Marine Science, marine IBAs Antarctica. See supplementary material for individual colony references.",-2483535.22800153,1272858.89399677,86.472938497926,91.0597681319099,0.0207573842044741,0.067568932373181
"GEP","VERN","Vernadsky Station","48.1",236,2015,0.06,"0",0,2000,0,"0",51,5,0.01,"0",236,2015,0.06,"0",330,"Cleaned data used in Handley & Rouyer et al. 2021, Frontiers in Marine Science, marine IBAs Antarctica. See supplementary material for individual colony references.",-2459588.50372977,1186010.1477123,272.752064953906,275.07611073287,0.421478213464556,0.258506209448112
"GEP","WATE","Waterboat Point","48.1",3858,2017,1,"0",1455,1997,0.38,"0",2595,10,0.67,"0",3963,2015,1.02,"1",0.1,"Cleaned data used in Handley & Rouyer et al. 2021, Frontiers in Marine Science, marine IBAs Antarctica. See supplementary material for individual colony references.",-2472601.19707286,1267576.50857445,323.460546370688,328.034647989247,0.469289715331613,0.312046588069602
"GEP","WEDD","Weddell Island","48.2",376,1987,0.1,"0",376,1987,0.1,"0",376,1,0.1,"0",376,1987,0.1,"0",46,"Cleaned data used in Handley & Rouyer et al. 2021, Frontiers in Marine Science, marine IBAs Antarctica. See supplementary material for individual colony references.",-2298601.75242514,2310838.2115744,341.712280634396,0.258579683896131,0.0758656094229799,0.0299252128608007
"GEP","WILD","Point Wild","48.1",20,1971,0.01,"0",20,1971,0.01,"0",20,1,0.01,"0",20,1971,0.01,"0",0.1,"Cleaned data used in Handley & Rouyer et al. 2021, Frontiers in Marine Science, marine IBAs Antarctica. See supplementary material for individual colony references.",-2621659.03757419,1845200.06193775,52.8291989869695,357.958206492334,0.209493944768365,0.211069307450224
"GEP","WPEC","Watson Peninsula (east coast)","48.2",10,1994,0,"0",10,1994,0,"0",19,2,0,"0",28,1983,0.01,"0",27,"Cleaned data used in Handley & Rouyer et al. 2021, Frontiers in Marine Science, marine IBAs Antarctica. See supplementary material for individual colony references.",-2283030.70804226,2319695.33880042,350.167563101102,334.78947500729,0.20271332618592,0.237454500752127
"GEP","YALO","Yalour Islands","48.1",28,2013,0.01,"0",0,2003,0,"0",19,4,0,"0",28,2013,0.01,"0",270,"Cleaned data used in Handley & Rouyer et al. 2021, Frontiers in Marine Science, marine IBAs Antarctica. See supplementary material for individual colony references.",-2458163.34416485,1190631.15419372,287.948683896008,295.455543520307,0.67156439228036,0.45490834178249
"GEP","YANK","Yankee Harbor","48.1",5677,2016,1.47,"1",2500,1996,0.65,"0",4777,10,1.23,"1",5677,2016,1.47,"1",210,"Cleaned data used in Handley & Rouyer et al. 2021, Frontiers in Marine Science, marine IBAs Antarctica. See supplementary material for individual colony references.",-2627756.28184843,1531313.06603284,138.4623515058,152.982201966068,0.21533355670007,0.330557969653473
